Adult Probation Caseload and Actions
Lake County
Years: 2005 - 2014
 ,2005,2006,2007,2008,2009,2010,2011,2012,2013,2014,
TOTAL PROBATION CASELOAD,550,602,648,630,466,467,631,580,914,871,
Felony Offense,519,571,642,625,466,467,631,580,742,722,
Misdemeanor Offense,31,31,6,5,0,0,0,0,172,149,
TOTAL PROBATION ACTIONS,,,,,,,,,,,
Placed on Probation,230,289,255,207,200,151,273,176,346,243,
Removed from Probation,165,227,209,225,364,150,109,227,217,155,
Terminated,63,93,100,112,268,62,78,158,109,52,
Revoked,102,134,109,113,96,88,31,69,82,83,
Other,0,0,0,0,0,0,0,0,26,20,
Felony Offense,,,,,,,,,,,
Placed on Probation,230,289,255,207,200,151,273,176,316,191,
Removed from Probation,165,227,184,224,359,150,109,227,204,139,
Terminated,63,93,75,111,263,62,78,158,109,46,
Revoked,102,134,109,113,96,88,31,69,71,74,
Other,0,0,0,0,0,0,0,0,24,19,
Misdemeanor Offense,,,,,,,,,,,
Placed on Probation,0,0,0,0,0,0,0,0,30,52,
Removed from Probation,0,0,25,1,5,0,0,0,13,16,
Terminated,0,0,25,1,5,0,0,0,0,6,
Revoked,0,0,0,0,0,0,0,0,11,9,
Other,0,0,0,0,0,0,0,0,2,1,