report,offense,action
Caseload,Total,
Caseload,Felony,
Caseload,Misdemeanor,
Actions,Total,Placed on Probation
Actions,Total,Removed from Probation
Actions,Total,Terminated
Actions,Total,Revoked
Actions,Total,Other
Actions,Felony,Placed on Probation
Actions,Felony,Removed from Probation
Actions,Felony,Terminated
Actions,Felony,Revoked
Actions,Felony,Other
Actions,Misdemeanor,Placed on Probation
Actions,Misdemeanor,Removed from Probation
Actions,Misdemeanor,Terminated
Actions,Misdemeanor,Revoked
Actions,Misdemeanor,Other
